"Localidade","Município","Estado","Avistamento "
"Praia Bela","Pitimbu","PB","30/8 "
"Praia de Tambaba","Pitimbu","PB","30/8 "
"Praia de Acau","Pitimbu","PB","30/8 "
"Praia de Gramame","Conde","PB","30/8 "
"Praia de Jacumã","Conde","PB","30/8 "
"Praia de Camboinha","Cabedelo","PB","1/9 "
"Praia do Poço","Cabedelo","PB","1/9 "
"Praia de Intermares","Cabedelo","PB","1/9 "
"Praia Formosa","Cabedelo","PB","1/9 "
"Praia do Cabo Branco","João Pessoa","PB","1/9 "
"Praia de Tambaú","João Pessoa","PB","1/9 "
"Praia de Dell Chifre","Olinda","PE","2/9 "
"Praia do Janga","Paulista","PE","2/9 "
"Suape","Ipojuca","PE","2/9 "
"Pau Amarelo","Paulista","PE","2/9 "
"Conceição","Paulista","PE","2/9 "
"Maria Farinha","Paulista","PE","2/9 "
"Praia do Forte Orange","Ilha de Itamaracá","PE","2/9 "
"Praia do Porto","Barra dos Coqueiros","SE","2/9 "
"Praia da Costa","Barra dos Coqueiros","SE","2/9 "
"Atalaia Nova","Barra dos Coqueiros","SE","2/9 "
"Praia de Nossa Senhora do Ó","Ipojuca","PE","2/9 "
"Praia de Gamboa","Ipojuca","PE","2/9 "
"Porto de Galinhas","Ipojuca","PE","2/9 "
"Praia do Saco (1)","Estância","SE","3/9 "
"Abais","Estância","SE","3/9 "
"Piedade","Jaboatão dos Guararapes","PE","3/9 "
"Candeias","Jaboatão dos Guararapes","PE","3/9 "
"Boa Viagem","Recife","PE","3/9 "
"Carneiros","Tamandaré","PE","3/9 "
"Praia do Paiva","Cabo de Santo Agostinho","PE","4/9 "
"Lagoa de Praia","Rio Tinto","PB","7/9 "
"Praia de Campina","Rio Tinto","PB","7/9 "
"Oiteiro","Rio Tinto","PB","7/9 "
"Baía Formosa","Baía Formosa","RN","7/9 "
"Sagi","Baía Formosa","RN","7/9 "
"Barra do rio Camaratuba","Mataraca","PB","7/9 "
"Via Costeira","Natal","RN","7/9 "
"Barra do Rio Mamanguape","Rio Tinto","PB","7/9 "
"Morro Branco","Beberibe","CE","7/9 "
"Praia Ponta de Pedras","Goiana","PE","7/9 "
"Tamandaré","Tamandaré","PE","7/9 "
"Catuama","Goiana","PE","7/9 "
"Barra de Sucatinga","Beberibe","CE","8/9 "
"Barra do Cunhaú","Canguaretama","RN","10/9 "
"Maracajaú","Maxaranguape","RN","10/9 "
"Praia da Prainha","Aquiraz","CE","10/9 "
"Praia do Giz","Tibau do Sul","RN","10/9 "
"Pipa","Tibau do Sul","RN","10/9 "
"Pirambu","Tibau do Sul","RN","10/9 "
"Praia do Amor","Tibau do Sul","RN","10/9 "
"Barra de Tabatinga","Nísia Floresta","RN","10/9 "
"Barreta","Nísia Floresta","RN","10/9 "
"Camurupim","Nísia Floresta","RN","10/9 "
"Pirambúzios","Nísia Floresta","RN","10/9 "
"Sibaúma/Das Minas","Tibau do Sul","RN","11/9 "
"Rio Punaú","Rio do Fogo","RN","11/9 "
"Praia de Zumbi","Rio do Fogo","RN","11/9 "
"Pirangi do Norte","Parnamirim","RN","11/9 "
"Barreira do Inferno","Parnamirim","RN","11/9 "
"Perobas","Touros","RN","11/9 "
"Foz do Rio Pirangi/Pium","Nísia Floresta","RN","11/9 "
"Pirangi do Sul","Nísia Floresta","RN","11/9 "
"Praia de Búzios","Nísia Floresta","RN","11/9 "
"Cotolelo","Nísia Floresta","RN","11/9 "
"Ponta da Ilha Verde","Nísia Floresta","RN","12/9 "
"Muriú","Maxaranguape","RN","12/9 "
"Foz do Rio Catu","Tibau do Sul","RN","12/9 "
"Ponta Negra","Natal","RN","14/9 "
"Cabo de São Roque","Maxaranguape","RN","14/9 "
"Praia de Touros","Touros","RN","14/9 "
"Praia do Calcanhar","Touros","RN","14/9 "
"Praia de Caraúbas","Maxaranguape","RN","15/9 "
"Pajuçara/Ponta Verde","Maceió","AL","15/9 "
"Ilha dos Poldros","Araioses","MA","16/9 "
"Ponta de Maracajaú","Maxaranguape","RN","17/9 "
"Praia do Forte","Natal","RN","17/9 "
"Praia de Areia Preta","Natal","RN","17/9 "
"Ipioca","Maceió","AL","17/9 "
"Praia do Francês","Marechal Deodoro","AL","18/9 "
"Praia do Carro Quebrado","Passo de Camaragibe","AL","18/9 "
"Barra de São Miguel","Barra de São Miguel","AL","19/9 "
"Redinha","Natal","RN","20/9 "
"Ilha dos Poldros","Araioses","MA","20/9 "
"Barra do Rio","Extremoz","RN","20/9 "
"Praia de Santa Rita","Extremoz","RN","20/9 "
"Jenipabu","Extremoz","RN","20/9 "
"Atins","Barreirinhas","MA","20/9 "
"Lot. Encontro do Mar","Barra de São Miguel","AL","21/9 "
"Praia do Barro Vermelho","Paulino Neves","MA","21/9 "
"Barra de Santo Antônio","Barra de Santo Antônio","AL","22/9 "
"Falésias do Gunga","Roteiro","AL","22/9 "
"Praia do Gunga","Barra de São Miguel","AL","22/9 "
"Praia de Itatinga","Alcântara","MA","22/9 "
"Praia Canto do Atins","Barreirinhas","MA","22/9 "
"Paripueira","Paripueira","AL","22/9 "
"Praia de Taíba","São Gonçalo do Amarante","CE","23/9 "
"Paracuru","Paracuru","CE","23/9 "
"Praia de Alagamar","Natal","RN","24/9 "
"Praia de Ponta dos Mangues","Pacatuba","SE","24/9 "
"Praia de Jatobá","Barra dos Coqueiros","SE","24/9 "
"Barra dos Coqueiros","Barra dos Coqueiros","SE","24/9 "
"Praia do Pirambu","Pirambu","SE","24/9 "
"Santo Amaro do Maranhão","Santo Amaro do Maranhão","MA","25/9 "
"Ilha do Livramento","Alcântara","MA","25/9 "
"Praia da Mamuna","Alcântara","MA","25/9 "
"Travosa","Santo Amaro do Maranhão","MA","25/9 "
"São José da Coroa Grande","São José da Coroa Grande","PE","25/9 "
"Malhada","Jijoca de Jericoacoara","CE","26/9 "
"Av. Litorânea","São Luís","MA","26/9 "
"Praia de Sabiaguaba","Fortaleza","CE","26/9 "
"Pontal do Coruripe","Coruripe","AL","27/9 "
"Praia do Arrombado","Luís Correia","PI","27/9 "
"Lagoa do Pau","Coruripe","AL","27/9 "
"Pontal de Maceió","Fortim","CE","28/9 "
"Praia Peito de Moça","Luís Correia","PI","30/9 "
"Praia do Coqueiro","Luís Correia","PI","30/9 "
"Luís Correia","Luís Correia","PI","30/9 "
"Atalaia","Luís Correia","PI","30/9 "
"Praia do Amor","Conde","PB","30/9 "
"Pedra do Sal","Parnaíba","PI","30/9 "
"Piaçabuçu","Piaçabuçu","AL","1/10 "
"Santo Antônio","Mata de São João","BA","1/10 "
"Lagoinha","Paraipaba","CE","1/10 "
"Atalaia","Aracaju","SE","2/10 "
"Caueira","Itaporanga D'ajuda","SE","3/10 "
"Sítio do Conde","Conde","BA","4/10 "
"Jandaíra","Jandaíra","BA","4/10 "
"Mangue Seco","Jandaíra","BA","4/10 "
"Itariri","Conde","BA","5/10 "
"Conde","Jandaíra","BA","5/10 "
"Praia do Pontal do Peba (norte)","Piaçabuçu","AL","5/10 "
"Praia do Futuro","Fortaleza","CE","6/10 "
"Foz do Rio Subauma","Entre Rios","BA","7/10 "
"Mamucabo","Esplanada","BA","7/10 "
"Baixio","Esplanada","BA","7/10 "
"Foz do Rio Inhampube","Esplanada","BA","7/10 "
"Praia do Forte","Mata de São João","BA","8/10 "
"Porto de Sauípe","Entre Rios","BA","9/10 "
"Praia de Itacimirim","Camaçari","BA","9/10 "
"Guarajuba","Camaçari","BA","9/10 "
"Foz do Rio São Francisco","Brejo Grande","SE","9/10 "
"Foz do Rio São Francisco","Piaçabuçu","AL","9/10 "
"Arembepe","Camaçari","BA","10/10 "
"Imbassaí","Mata de São João","BA","10/10 "
"Ilha Caçacueira","Cururupu","MA","10/10 "
"Praia de Massarandupio","Entre Rios","BA","11/10 "
"Praia dos Artistas","Salvador","BA","11/10 "
"Praia do Corsário","Salvador","BA","11/10 "
"Praia Vilas do Atlântico","Lauro de Freitas","BA","11/10 "
"Mangue","Itaporanga D'ajuda","SE","12/10 "
"Coruripe","Coruripe","AL","12/10 "
"Ponte Gilberto Amado","Estância","SE","12/10 "
"Barra do Rio Santo Antônio","Barra de Santo Antônio","AL","13/10 "
"Ilha da Croa","Barra de Santo Antônio","AL","13/10 "
"Barra do Santo Antônio","Barra de Santo Antônio","AL","13/10 "
"Rio Pojuca","Camaçari","BA","13/10 "
"Ponta da Barra","Marechal Deodoro","AL","13/10 "
"Barreira do Boqueirão","Japaratinga","AL","14/10 "
"Costa Azul","Jandaíra","BA","14/10 "
"Caponga","Cascavel","CE","14/10 "
"Quixaba","Aracati","CE","14/10 "
"Praia de Aruanã","Aracaju","SE","15/10 "
"Praia do Reduto","Tamandaré","PE","15/10 "
"Praia do Antunes","Maragogi","AL","16/10 "
"Jardim de Alah","Salvador","BA","16/10 "
"Praia Jardim dos Namorados","Salvador","BA","16/10 "
"Pedra do Sal","Salvador","BA","16/10 "
"Pituba","Salvador","BA","16/10 "
"Praia de Japaratinga","Japaratinga","AL","16/10 "
"Praia de Coroa do Meio","Aracaju","SE","16/10 "
"Mosqueiro","Aracaju","SE","16/10 "
"Barra Grande (norte)","Maragogi","AL","16/10 "
"Ponta do Mangue","Maragogi","AL","16/10 "
"Barra Grande (sul)","Maragogi","AL","17/10 "
"Amaralina","Salvador","BA","17/10 "
"Praia da Paciência","Salvador","BA","17/10 "
"Rio Vermelho","Salvador","BA","17/10 "
"Praia de Jaburu","Vera Cruz","BA","17/10 "
"Barra Grande","Igrapiúna","BA","18/10 "
"Ponta da Gameleira","Sirinhaém","PE","18/10 "
"Praia da Peroba","Maragogi","AL","18/10 "
"Ponta das Ilhotas","Barreiros","PE","18/10 "
"Praia de Jauá","Camaçari","BA","18/10 "
"Bom Despacho","Salvador","BA","18/10 "
"Caixa Prego","Vera Cruz","BA","18/10 "
"Ilha de Santo Aleixo","Sirinhaém","PE","19/10 "
"Itacaré","Itacaré","BA","19/10 "
"Ondina","Salvador","BA","19/10 "
"Praia de Barra Grande","Vera Cruz","BA","19/10 "
"Praia de Poças","Conde","BA","20/10 "
"Costa do Sauípe","Mata de São João","BA","20/10 "
"Barra dos Coqueiros","Maragogi","AL","20/10 "
"Taipu de Fora","Maraú","BA","20/10 "
"Praia de Siriba","Ilhéus","BA","20/10 "
"Praia de Flexeiras","Feliz Deserto","AL","21/10 "
"Praia do Japonês","Camaçari","BA","21/10 "
"Praia Bonita","Barra de São Miguel","AL","21/10 "
"Rio Salgado","Maragogi","AL","21/10 "
"Praia de Barreiras","Icapuí","CE","21/10 "
"Praia de Ipitanga","Salvador","BA","21/10 "
"Praia do Morro de Camaragibe","Passo de Camaragibe","AL","21/10 "
"Praia de Barra de Maxaranguape","Maxaranguape","RN","21/10 "
"Foz do Rio Manguba","Japaratinga","AL","21/10 "
"Praia de Bitupitá","Barroquinha","CE","21/10 "
"Praia de Jairí","Ilhéus","BA","21/10 "
"Praia Carnaubinhas","Touros","RN","21/10 "
"Praia de Burgalhau","Maragogi","AL","21/10 "
"Praia dos Milionários","Ilhéus","BA","21/10 "
"Centro","Maragogi","AL","21/10 "
"Garapuá","Cairu","BA","22/10 "
"Barra do Jacuípe","Camaçari","BA","22/10 "
"Lagoa Azeda","Jequiá da Praia","AL","22/10 "
"Acuípe","Ilhéus","BA","22/10 "
"Praia de Pitangui","Extremoz","RN","22/10 "
"Foz do rio Tatuamunha","Porto de Pedras","AL","22/10 "
"Canoa Quebrada","Aracati","CE","23/10 "
"Praia de Tabatinga","Conde","PB","23/10 "
"Praia de Rendinha Nova","Extremoz","RN","23/10 "
"Praia do Camacho","Maragogi","AL","23/10 "
"Praia de Saquaíra","Maraú","BA","24/10 "
"Praia do Garcez","Jaguaripe","BA","24/10 "
"Praia da Enseada dos Corais","Cabo de Santo Agostinho","PE","24/10 "
"Praia de Jaguaribe","Ilha de Itamaracá","PE","24/10 "
"Praia da Armação","Salvador","BA","24/10 "
"Barra da Jangada","Jaboatão dos Guararapes","PE","24/10 "
"Praia de Guaibim","Valença","BA","24/10 "
"Praia de Cacimbinhas","Tibau do Sul","RN","24/10 "
"Praia de Busca Vida","Camaçari","BA","24/10 "
"Praia de Gaibu","Cabo de Santo Agostinho","PE","24/10 "
"Praia de Itapuama","Cabo de Santo Agostinho","PE","24/10 "
"Praia do Gado Bravo","Tibau","RN","25/10 "
"Barra dos Carvalhos","Nilo Peçanha","BA","25/10 "
"Praia de Bainema","Cairu","BA","25/10 "
"Praia de Guaxuma","Maceió","AL","25/10 "
"Pontal do Jaguaribe","Ilha de Itamaracá","PE","25/10 "
"Praia de Quatro Cantos","Ilha de Itamaracá","PE","25/10 "
"Praia da Barra Nova","Cascavel","CE","25/10 "
"Praia de Muro Alto","Ipojuca","PE","25/10 "
"Praia da Barra de Sirinhaém","Sirinhaém","PE","25/10 "
"Sirinhaém","Ituberá","BA","26/10 "
"Praia de São Miguel","Ilhéus","BA","26/10 "
"Praia do Marceneiro","Passo de Camaragibe","AL","26/10 "
"Cumbe","Aracati","CE","26/10 "
"Praia do Pontal","Cairu","BA","27/10 "
"Nossa Senhora do Ó","Paulista","PE","27/10 "
"Praia do Pontal","Baía Formosa","RN","27/10 "
"Praia de Cururupe","Ilhéus","BA","27/10 "
"Praia de Porto Mirim","Ceará-Mirim","RN","27/10 "
"Praia Engenhoca","Itacaré","BA","28/10 "
"Praia de Cueira","Cairu","BA","28/10 "
"Praia de Bitingui","Japaratinga","AL","28/10 "
"Praia do Pontal do Boqueirão","Japaratinga","AL","28/10 "
"Praia Pé de Serra","Ilhéus","BA","28/10 "
"Várzea do Una","Barreiros","PE","28/10 "
"Praia do Sossego","Ilha de Itamaracá","PE","28/10 "
"Praia do Pontal de Maracaípe","Ipojuca","PE","28/10 "
"Praia de Graçandu","Extremoz","RN","28/10 "
"Praia do Madeiro","Tibau do Sul","RN","28/10 "
"Praia de Ponta da Tulha","Ilhéus","BA","28/10 "
"Praia do Sul","Ilhéus","BA","28/10 "
"Praia de Moreré","Cairu","BA","28/10 "
"Praia de Siribinha","Conde","BA","29/10 "
"Rio Persinunga","Maragogi","AL","29/10 "
"Praia do Cupe","Ipojuca","PE","29/10 "
"Mangue da Foz do Rio Coruripe","Coruripe","AL","29/10 "
"Praia dos Náufragos","Aracaju","SE","29/10 "
"Praia dos Artistas","Aracaju","SE","29/10 "
"Praia da Ponta do Ramo","Ilhéus","BA","29/10 "
"Praia da Avenida","Ilhéus","BA","29/10 "
"Praia do Porto","Barreiros","PE","29/10 "
"Ponta do Contrato","Ituberá","BA","29/10 "
"Praia de Porto da Rua","São Miguel dos Milagres","AL","29/10 "
"Praia de Barra Velha","Belmonte","BA","29/10 "
"Arandi-Algodões","Maraú","BA","29/10 "
"Praia do Pontal","Parnaíba","PI","29/10 "
"Praia da Ribeira","Itacaré","BA","30/10 "
"Ilha de Comandatuba (Barra Norte e Barra Sul)","Una","BA","30/10 "
"Lagoa Guaraíras","Tibau do Sul","RN","30/10 "
"Praia de Itapororoca","Porto Seguro","BA","31/10 "
"Praia de Mucugê","Porto Seguro","BA","31/10 "
"Trancoso Itapororó","Porto Seguro","BA","31/10 "
"Ilha do Francês/Suape","Ipojuca","PE","31/10 "
"Praia de Piracanga","Maraú","BA","31/10 "
"Praia Jóia do Atlântico","Ilhéus","BA","31/10 "
"Ponta da Folha","Maraú","BA","31/10 "
"Praia da Ponta dos Castelhanos","Cairu","BA","31/10 "
"Praia de Arakakaí","Santa Cruz Cabrália","BA","31/10 "
"Panelas","Maraú","BA","31/10 "
"Praia Jóia do Atlântico","Ilhéus","BA","31/10 "
"Praia de Maragogi","Maragogi","AL","1/11 "
"Praia do Pontal","Itacaré","BA","1/11 "
"Praia do Casssange","Maraú","BA","1/11 "
"Araripe","Santa Cruz Cabrália","BA","1/11 "
"Praia de Corumbau","Prado","BA","1/11 "
"Praia da Boca da Barra","Tamandaré","PE","1/11 "
"Ilha Quiepe","Igrapiúna","BA","1/11 "
"Praia da Coroinha","Itacaré","BA","1/11 "
"Praia de Quitérias","Icapuí","CE","1/11 "
"Praia da Ponta da Baleia","Caravelas","BA","1/11 "
"Praia de Stella Maris","Salvador","BA","1/11 "
"Praia de Guaiu","Belmonte","BA","1/11 "
"Praia de Malembá","Senador Georgino Avelino","RN","1/11 "
"Manguezal do rio Maragogi","Maragogi","AL","1/11 "
"Praia de Lages","Porto de Pedras","AL","1/11 "
"Praia de Itaquena","Porto Seguro","BA","2/11 "
"Praia do Taipe (Praia do Rio da Barra)","Porto Seguro","BA","2/11 "
"Praia do Saco (2)","Estância","SE","2/11 "
"Moreré","Cairu","BA","2/11 "
"Ilha de Santa Bárbara","Caravelas","BA","2/11 "
"Praia Berlinque","Vera Cruz","BA","2/11 "
"Praia do Mar Moreno","Belmonte","BA","2/11 "
"Praia de Alcobaça (Praia do Centro)","Alcobaça","BA","2/11 "
"Praia do Porto","Barra dos Coqueiros","SE","3/11 "
"Quarta Praia","Cairu","BA","3/11 "
"Praia da Costa","Barra dos Coqueiros","SE","3/11 "
"Praia de Japaratinga","Japaratinga","AL","3/11 "
"Praia do Grauçá","Caravelas","BA","3/11 "
"Costa do atlantico","Nova Viçosa","BA","3/11 "
"Tecarmo","Aracaju","SE","3/11 "
"Praia do quartel","Ilhéus","BA","3/11 "
"Praia do Pontal da Barra","Nova Viçosa","BA","3/11 "
"Praia de Lençóis","Ilhéus","BA","3/11 "
"São Domingos","Ilhéus","BA","3/11 "
"Praia de Peroba","Maragogi","AL","3/11 "
"Praia de Barreta","Nísia Floresta","RN","3/11 "
"Praia de Taperapuã","Porto Seguro","BA","4/11 "
"Ilha Redonda (abrolhos)","Caravelas","BA","4/11 "
"Praia Caueira","Itaporanga D'ajuda","SE","4/11 "
"Praia de Aibim","Maraú","BA","4/11 "
"Dunas (norte)","Estância","SE","4/11 "
"Praia de Mogiquiçaba","Belmonte","BA","4/11 "
"Praia de Guaratiba","Prado","BA","4/11 "
"Praia de Mamoã","Ilhéus","BA","4/11 "
"Praia de Pontal do Peba (sul)","Piaçabuçu","AL","4/11 "
"Praia de Cambôa","Ipojuca","PE","4/11 "
"Praia de Porto de Galinhas","Ipojuca","PE","4/11 "
"Praia de Muro Alto","Ipojuca","PE","4/11 "
"Praia de Arakakaí","Santa Cruz Cabrália","BA","4/11 "
"Praia da Barra da Jangada","Jaboatão dos Guararapes","PE","4/11 "
"Barra do Rio Pirangi","Beberibe","CE","4/11 "
"Dunas (sul)","Estância","SE","4/11 "
"Praia da Barra (Novo Prado)","Prado","BA","4/11 "
"Praia de Búzios","Nísia Floresta","RN","5/11 "
"Praia da Barra de Sucatinga","Beberibe","CE","5/11 "
"Praia do Diogo","Beberibe","CE","5/11 "
"Praia de Barra de Tabatinga","Nísia Floresta","RN","5/11 "
"Praia de Flexeiras","Feliz Deserto","AL","5/11 "
"Ilha dos Namorados","Aracaju","SE","5/11 "
"Praia do Boqueirão","Japaratinga","AL","5/11 "
"Praia de Guaibim","Valença","BA","5/11 "
"Ilha da Costinha","Brejo Grande","SE","5/11 "
"Praia de Atalaia (Barra Sul de Canavieiras)","Canavieiras","BA","5/11 "
"Quinta Praia (Praia do Encanto)","Cairu","BA","5/11 "
"Praia do Cabeço","Brejo Grande","SE","5/11 "
"Praia de Pratigi","Ituberá","BA","5/11 "
"Praia do Mosqueiro","Aracaju","SE","5/11 "
"Praia de Almofala","Itarema","CE","5/11 "
"Praia de Barreta","Senador Georgino Avelino","RN","5/11 "
"Praia de Cumbuco","Caucaia","CE","5/11 "
"Praia Angra de Ipioca","Maceió","AL","5/11 "
"Praia de Campina","Cabedelo","PB","6/11 "
"Praia do Barramar","Barra de São Miguel","AL","6/11 "
"Praia de Peroba","Maragogi","AL","6/11 "
"Praia de Piatã","Salvador","BA","6/11 "
"Praia do Contrato","Igrapiúna","BA","6/11 "
"Praia do Contrato","Igrapiúna","BA","6/11 "
"Praia de Bitingui","Japaratinga","AL","6/11 "
"Praia dos Lençóis Maranhenses","Santo Amaro do Maranhão","MA","6/11 "
"Praia da Barra (Praia Zeloris)","Alcobaça","BA","6/11 "
"Praia de Dona Dinha","Alcobaça","BA","6/11 "
"Costa do Atlântico","Nova Viçosa","BA","6/11 "
"Quarta Praia","Cairu","BA","6/11 "
"Ilha de Comandatuba (Barra Norte e Barra Sul)","Una","BA","6/11 "
"Praia de Aruanã","Aracaju","SE","6/11 "
"Praia do Centro","Prado","BA","6/11 "
"Praia da Barra de Sirinhaém","Sirinhaém","PE","6/11 "
"Praia de Guaiamum","Sirinhaém","PE","6/11 "
"Foz do Rio Manguaba","Porto de Pedras","AL","6/11 "
"Praia do Bessa","João Pessoa","PB","6/11 "
"Guriri","São Mateus","ES","7/11 "
"Praia do Saco","Estância","SE","7/11 "
"Praia de Zumbi","Rio do Fogo","RN","7/11 "
"Praia de Flexeiras","Feliz Deserto","AL","7/11 "
"Praia de Jenipabu","Extremoz","RN","7/11 "
"Molhes da praia da Coroa do Meio","Aracaju","SE","7/11 "
"Praia de Pratigi","Ituberá","BA","7/11 "
"Praia Caueira","Itaporanga D'ajuda","SE","7/11 "
"Miai de cima, miai de baixo - Coruripe e praia do Toco - feliz deserto","Coruripe","AL","7/11 "
"Praia de Massarandupió","Entre Rios","BA","7/11 "
"PORTO SAUIPE","Entre Rios","BA","7/11 "
"Rio Manguaba","Porto de Pedras","AL","7/11 "
"Praia Pirambu","Pirambu","SE","7/11 "
"Praia de Guaibim","Valença","BA","7/11 "
"Praia do Resende","Itacaré","BA","7/11 "
"Praia Caueira","Itaporanga D'ajuda","SE","7/11 "
"Praia da Costa","Canavieiras","BA","7/11 "
"Praia da Ponta dos Mangues","Pirambu","SE","7/11 "
"Pontas dos Mangues","Pacatuba","SE","7/11 "
"Praia do Marciano","Ilhéus","BA","7/11 "
"Praia de São Miguel","Ilhéus","BA","7/11 "
"Praia da Pedra","Sirinhaém","PE","7/11 "
"Praia de Olivença","Ilhéus","BA","7/11 "
"Praia dos Milionários","Ilhéus","BA","7/11 "
"Terceira Praia","Cairu","BA","7/11 "
"Praia do Peba","Piaçabuçu","AL","7/11 "
"Praia da Concha","Itacaré","BA","8/11 "
"Praia de Siribinha","Entre Rios","BA","8/11 "
"Praia do Sagi","Baía Formosa","RN","8/11 "
"Praia de Aruanã","Aracaju","SE","8/11 "
"Praia do Mosqueiro","Aracaju","SE","8/11 "
"Porto do Sauipe - Cond. Águas de Sauipe","Entre Rios","BA","8/11 "
"Praia da Barra Nova","São Mateus","ES","8/11 "
"Praia de Lençóis","Una","BA","8/11 "
"Praia de Saquaíra","Maraú","BA","8/11 "
"Praia dos Corais","Alcobaça","BA","8/11 "
"Praia do quati","Alcobaça","BA","8/11 "
"Praia de Cururupe","Ilhéus","BA","8/11 "
"Praia de Cumuruxatiba","Prado","BA","8/11 "
"Praia de Cumuruxatiba","Prado","BA","8/11 "
"Praia do Pontal","Ilha Grande","PI","8/11 "
"Praia dos Coqueiros","Alcobaça","BA","8/11 "
"Praia de Mundaú","Trairi","CE","8/11 "
"Praia da Paixão","Prado","BA","8/11 "
"Praia de Guaibim","Itaparica","BA","8/11 "
"Praia de Guriri","São Mateus","ES","9/11 "
"Praia Pé de Serra","Uruçuca","BA","9/11 "
"Praia do cemitério","Uruçuca","BA","9/11 "
"Praia de Jatobá","Barra dos Coqueiros","SE","9/11 "
"Praia de Sabiaguaba","Fortaleza","CE","9/11 "
"Poças e Siribinha até a foz do Rio Itapicuru","Conde","BA","9/11 "
"Praia Pontal da Barra","Barra dos Coqueiros","SE","9/11 "
"Praia de Guaiu","Santa Cruz Cabrália","BA","9/11 "
"Praia de Pratigi","Ituberá","BA","9/11 "
"Praia do Casssange","Maraú","BA","9/11 "
"Praia de Barramares","Ilhéus","BA","9/11 "
"Praia da Amendoeira","Prado","BA","9/11 "
"Praia de Guaratiba","Prado","BA","9/11 "
"Praia de Back Door","Ilhéus","BA","9/11 "
"Praia de Batuba","Ilhéus","BA","9/11 "
"Praia de Urussuquara","São Mateus","ES","9/11 "
"Praia de Cueira","Cairu","BA","9/11 "
"Praia do Poxim","Canavieiras","BA","9/11 "
"Praia de Tassimirim","Cairu","BA","9/11 "
"Praia Pirambu","Pirambu","SE","9/11 "
"Praia de São Domingos","Ilhéus","BA","9/11 "
"Praia de Tassimirim","Cairu","BA","9/11 "
"Praia do Centro","Prado","BA","9/11 "
"Praia de Urussuquara","São Mateus","ES","9/11 "
"Boa Viagem","Estância","SE","10/11 "
"Primeira Praia","Cairu","BA","10/11 "
"Praia do Pontal do Ipiranga","Linhares","ES","10/11 "
"Praia do Pontal do Ipiranga","Linhares","ES","10/11 "
"Barra do Guaju","Baía Formosa","RN","10/11 "
"Praia de Icarai de Amontada","Amontada","CE","10/11 "
"Espraiado","Acaraú","CE","10/11 "
"Ponta dos Tubarões","Igrapiúna","BA","10/11 "
"Praia do Abaís","Estância","SE","10/11 "
"Praia de Siribinha","Conde","BA","10/11 "
"Praia de Barra de Tabatinga","Nísia Floresta","RN","10/11 "
"Praia de Malembá","Nísia Floresta","RN","10/11 "
"Ilha dos Poldros","Araioses","MA","10/11 "
"Praia do Paiva","Cabo de Santo Agostinho","PE","10/11 "
"Praia de Saquaíra","Maraú","BA","10/11 "
"Praia do Quati","Prado","BA","10/11 "
"Praia do Pontal","Cairu","BA","10/11 "
"Praia de Guaiu","Santa Cruz Cabrália","BA","10/11 "
"Praia da Barra Nova","São Mateus","ES","10/11 "
"Praia de Cumuruxatiba","Prado","BA","10/11 "
"Praia de Mogiquiçaba","Santa Cruz Cabrália","BA","10/11 "
"Praia do Grauçá","Caravelas","BA","10/11 "
"Praia de Povoação","Linhares","ES","10/11 "
"Praia de Barra Seca","Linhares","ES","10/11 "
"Praia de Urussuquara","São Mateus","ES","10/11 "
"Praia da Barra do Cauípe","Caucaia","CE","10/11 "
"Praia de Pecém","São Gonçalo do Amarante","CE","10/11 "
"Praia do Saco","Estância","SE","11/11 "
"Praia das Minas","Tibau do Sul","RN","11/11 "
"Praia de Itaúnas","Conceição da Barra","ES","11/11 "
"Praia de Muro Alto","Ipojuca","PE","11/11 "
"Praia da Barra Nova","São Mateus","ES","11/11 "
"Praia de Urussuquara","São Mateus","ES","11/11 "
"Praia do Toco","Feliz Deserto","AL","11/11 "
"Praia de Mangue Seco","Jandaíra","BA","11/11 "
"Praia de Jatobá","Barra dos Coqueiros","SE","11/11 "
"Praia Atalaia Nova","Barra dos Coqueiros","SE","11/11 "
"Praia da Barra do Albino","Canavieiras","BA","11/11 "
"Praia da Costa","Canavieiras","BA","11/11 "
"Praia de Três Coqueiros (Praia de Bombaça)","Maraú","BA","11/11 "
"Praia de Taipus de Fora","Maraú","BA","11/11 "
"Praia de Gaibu","Cabo de Santo Agostinho","PE","11/11 "
"Praia Havaizinho","Itacaré","BA","11/11 "
"Praia de Japara Grande","Prado","BA","11/11 "
"Praia da Barra Nova","São Mateus","ES","11/11 "
"Praia da Barra Nova","São Mateus","ES","11/11 "
"Praia da Barra Nova","São Mateus","ES","11/11 "
"Praia de Pontal do Peba","Piaçabuçu","AL","11/11 "
"Praia Formosa","Aracruz","ES","11/11 "
"Praia da Costa","Canavieiras","BA","11/11 "
"Praia Itacarezinho","Itacaré","BA","11/11 "
"Praia de Regência","Linhares","ES","11/11 "
"Praia do Meio","Natal","RN","11/11 "
"Praia de Jairi","Ilhéus","BA","11/11 "
"Praia do Degredo","Linhares","ES","11/11 "
"Praia de Canabrava","Ilhéus","BA","11/11 "
"Praia do Paiva","Cabo de Santo Agostinho","PE","11/11 "
"Praia de Bainema","Cairu","BA","11/11 "
"Praia da Costa","Canavieiras","BA","12/11 "
"Praia de Búzios","Nísia Floresta","RN","12/11 "
"Praia de Camurupim","Nísia Floresta","RN","12/11 "
"Praia da Ponta do Ramo","Uruçuca","BA","12/11 "
"Praia Pé de Serra","Uruçuca","BA","12/11 "
"Praia de Jatobá","Barra dos Coqueiros","SE","12/11 "
"Praia de Jatobá","Barra dos Coqueiros","SE","12/11 "
"Praia de Itaúnas","Conceição da Barra","ES","12/11 "
"Praia Pontal do Maceió","Fortim","CE","12/11 "
"Praia de Três Coqueiros (Praia de Bombaça)","Maraú","BA","12/11 "
"Praia de Pratigi","Ituberá","BA","12/11 "
"São Domingos","Ilhéus","BA","12/11 "
"Praia Costa Azul","Jandaíra","BA","12/11 "
"Praia de Corumbau","Prado","BA","12/11 "
"Segunda Praia","Cairu","BA","12/11 "
"Praia da Cinelândia","Aracaju","SE","12/11 "
"Praia do Bosque","São Mateus","ES","12/11 "
"Praia de Lençóis","Una","BA","12/11 "
"Praia de Guriri","São Mateus","ES","13/11 "
"Praia do Pontal do Ipiranga","Linhares","ES","13/11 "
"Praia do Taboado","Jequiá da Praia","AL","13/11 "
"Praia de Flexeiras","Feliz Deserto","AL","13/11 "
"Praia de Itaúnas","Conceição da Barra","ES","13/11 "
"Sarney","Aracaju","SE","13/11 "
"Praia de Pratigi","Ituberá","BA","13/11 "
"Praia da Boa viagem","Estância","SE","13/11 "
"Dunas","Estância","SE","13/11 "
"Praia da Costa Dourada","Mucuri","BA","13/11 "
"Praia da Subauma","Entre Rios","BA","13/11 "
"Praia Pontal do Sul","Conceição da Barra","ES","13/11 "
"Praia de Taipus de Fora","Maraú","BA","13/11 "
"Praia do Taboado","Roteiro","AL","13/11 "
"Praia Patizeiro","Itacaré","BA","13/11 "
"Aritaguá","Ilhéus","BA","13/11 "
"Praia Pirambu","Pirambu","SE","13/11 "
"Praia do Me Ache","Ilhéus","BA","13/11 "
"Praia de Alcobaça (Praia do Centro)","Alcobaça","BA","13/11 "
"Praia do Bosque","São Mateus","ES","13/11 "
"Praia do Malhado","Ilhéus","BA","13/11 "
"Praia de Urussuquara","São Mateus","ES","13/11 "
"Porto do Campo","Igrapiúna","BA","13/11 "
"Praia de Mucuri","Mucuri","BA","13/11 "
"Praia de Atalaia","Aracaju","SE","13/11 "
"Praia do Gunga","Roteiro","AL","13/11 "
"Arandi-Algodões","Maraú","BA","13/11 "
"Praia Pirambu","Pirambu","SE","13/11 "
"Praia de Jeribucaçu","Itacaré","BA","13/11 "
"Praia da Ponta dos Mangues","Pirambu","SE","13/11 "
"Praia de Malembá","Senador Georgino Avelino","RN","13/11 "
"Praia da Tabuba","Barra de Santo Antônio","AL","13/11 "
"Praia de São Miguel","Ilhéus","BA","13/11 "
"Praia do Cristo","Ilhéus","BA","13/11 "
"Praia do Cristo","Ilhéus","BA","13/11 "
"Ilha de Santana","Humberto de Campos","MA","13/11 "
"Praia de Guriri","São Mateus","ES","14/11 "
"Eco Village","Itacaré","BA","14/11 "
"Praia da Lagoa Azeda","Jequiá da Praia","AL","14/11 "
"Praia de Itaúnas","Conceição da Barra","ES","14/11 "
"Ponta do Contrato","Igrapiúna","BA","14/11 "
"Praia do Mosqueiro","Aracaju","SE","14/11 "
"Praia de Itapororoca","Una","BA","14/11 "
"Praia de Guriri","São Mateus","ES","14/11 "
"Praia Pontal do Sul","Conceição da Barra","ES","14/11 "
"Praia de Iansã","Alcobaça","BA","14/11 "
"Praia dos Náufragos","Aracaju","SE","14/11 "
"Praia de Atalaia","Aracaju","SE","14/11 "
"Praia de Regência","Linhares","ES","14/11 "
"Praia do Centro","Prado","BA","14/11 "
"Barra de Jacuípe","Camaçari","BA","14/11 "
"Praia dos Náufragos","Aracaju","SE","14/11 "
"Praia dos Náufragos","Aracaju","SE","14/11 "
"Praia de Cumuruxatiba","Prado","BA","14/11 "
"Praia de Urussuquara","São Mateus","ES","14/11 "
"APA de Piaçabuçu - Dunas","Piaçabuçu","AL","14/11 "
"Barra de Peso e praia do Joabe","Belmonte","BA","14/11 "
"Rio do peixe grande","Prado","BA","14/11 "
"Praia de Monsarás","Linhares","ES","14/11 "
"Praia de Cururupe","Ilhéus","BA","14/11 "
"Prainha","Itacaré","BA","14/11 "
"Dunas","Estância","SE","15/11 "
"Praia de Sabiaguaba","Fortaleza","CE","15/11 "
"Praia de Atalaia","Luís Correia","PI","15/11 "
"Barra do Cunhaú","Canguaretama","RN","15/11 "
"Praia do Cabeço","Brejo Grande","SE","15/11 "
"Praia da Boca da Barra","Tamandaré","PE","15/11 "
"Praia Caueira","Itaporanga D'ajuda","SE","15/11 "
"Praia do Miai de Baixo","Coruripe","AL","15/11 "
"Praia do Toco","Feliz Deserto","AL","15/11 "
"Praia do Cabeço","Brejo Grande","SE","15/11 "
"Ilha do Delta do Jequitinhonha","Belmonte","BA","15/11 "
"Praia do Costinha (Ilha do Funil)","Brejo Grande","SE","15/11 "
"Praia de Guriri","São Mateus","ES","15/11 "
"Praia do Rio do Peixe","Prado","BA","15/11 "
"Praia dos Coqueiros","Porto Seguro","BA","15/11 "
"Praia de Ponta da Tulha","Ilhéus","BA","15/11 "
"Aritagua","Ilhéus","BA","15/11 "
"Praia de Atalaia","Luís Correia","PI","15/11 "
"Praia do Pontal do Ipiranga","Linhares","ES","15/11 "
"Praia Peito de Moça","Luís Correia","PI","15/11 "
"Praia do Bugigão em Caraíva","Prado","BA","15/11 "
"Ponta do Corumbau","Porto Seguro","BA","15/11 "
"Praia da Costa","Barra dos Coqueiros","SE","16/11 "
"Praia Atalaia Nova","Barra dos Coqueiros","SE","16/11 "
"Praia Pontal do Maceió","Fortim","CE","16/11 "
"Praia de Arakakaí","Porto Seguro","BA","16/11 "
"Praia do Salgado","Maragogi","AL","16/11 "
"Praia da Costa","Barra dos Coqueiros","SE","16/11 "
"Praia Pontal do Sul","Conceição da Barra","ES","16/11 "
"Praia Pontal do Sul","Conceição da Barra","ES","16/11 "
"Praia de Barra Grande","Maraú","BA","16/11 "
"Barra de Belmonte (Praia de Caieira)","Santa Cruz Cabrália","BA","16/11 "
"Praia de Pratigi","Ituberá","BA","16/11 "
"Manguezais da Ilha do Caju","Araioses","MA","16/11 "
"Ilha da Melancieira","Tutóia","MA","16/11 "
"Praia de Guriri","São Mateus","ES","16/11 "
"Praia de Urussuquara","São Mateus","ES","16/11 "
"Praia do Pontal do Ipiranga","Linhares","ES","17/11 "
"Praia Costa Azul","Jandaíra","BA","17/11 "
"Praia de Caraúbas","Maxaranguape","RN","17/11 "
"Entrerios Inhambupe/Itariri","Conde","BA","17/11 "
"Praia de Barra de Tabatinga","Nísia Floresta","RN","17/11 "
"Carvalho","Nilo Peçanha","BA","17/11 "
"Praia de Itaúnas","Conceição da Barra","ES","17/11 "
"Quinta Praia (Praia do Encanto)","Cairu","BA","17/11 "
"Praia de Bitingui","Japaratinga","AL","17/11 "
"Arandi-Algodões","Maraú","BA","17/11 "
"Praia do Degredo","Linhares","ES","17/11 "
"Praia Cacimbas","Linhares","ES","17/11 "
"Praia de Guriri","São Mateus","ES","17/11 "
"Praia da Via Costeira","Natal","RN","17/11 "
"Praia de Cumbuco","Caucaia","CE","17/11 "
"Praia de Caraíva","Porto Seguro","BA","18/11 "
"Morro de São Paulo (terceira praia)","Cairu","BA","18/11 "
"Praia de Barra Seca","Linhares","ES","18/11 "
"Praia de Cumbuco","Fortaleza","CE","18/11 "
"Praia de Mamucaba","Tamandaré","PE","18/11 "
"Praia de Itaúnas","Conceição da Barra","ES","18/11 "
"Praia de Povoação","Linhares","ES","18/11 "
"Praia do Mutá","Porto Seguro","BA","18/11 "
"Praia de São Bento","Maragogi","AL","18/11 "
"Praia de Guaxindiba","Conceição da Barra","ES","18/11 "
"Praia da Barra Nova","São Mateus","ES","18/11 "
"Praia de Guriri","Conceição da Barra","ES","18/11 "
"Barra de Belmonte (Praia de Caieira)","Belmonte","BA","18/11 "
"Ilha Grande de Camamu","Camamu","BA","18/11 "
"Cajaíba do Sul","Camamu","BA","18/11 "
"Praia de Regência","Linhares","ES","18/11 "
"Praia Pirambu","Pirambu","SE","18/11 "
"Praia do Bosque","São Mateus","ES","18/11 "
"Praia da Barra Nova","São Mateus","ES","18/11 "
"Praia de Itacimirim","Mata de São João","BA","18/11 "
"Praia da Ponta dos Mangues","Pacatuba","SE","18/11 "
"Praia do Degredo","Linhares","ES","18/11 "
"Praia Cacimbas","Linhares","ES","18/11 "
"Praia de Povoação","Linhares","ES","18/11 "
"Delta Sul do Parnaíba","Parnaíba","PI","18/11 "
"Praia do Taipe (Praia do Rio da Barra)","Porto Seguro","BA","19/11 "
"Ilha do Delta do Jequitinhonha","Belmonte","BA","19/11 "
"Praia de Povoação","Linhares","ES","19/11 "
"Peso","Canavieiras","BA","19/11 "
"Praia Pontal do Sul","Conceição da Barra","ES","19/11 "
"Praia de Iemanjá","Caravelas","BA","19/11 "
"Praia de Saquaíra","Maraú","BA","19/11 "
"Praia da Barra Nova","São Mateus","ES","19/11 "
"Praia do Rio e praia do centro","Prado","BA","19/11 "
"Praia da Barra do Sargi","Ilhéus","BA","19/11 "
"Praia de Mamoã","Ilhéus","BA","19/11 "
"Praia de Monsarás","Linhares","ES","19/11 "
"Praia dos Milionários","Ilhéus","BA","19/11 "
"Praia dos Milionários","Ilhéus","BA","19/11 "
"Praia de Urussuquara","São Mateus","ES","19/11 "
"Praia de Gramuté","Aracruz","ES","19/11 "
"ponta do ramo","Ilhéus","BA","19/11 "
"Praia de Pecém","São Gonçalo do Amarante","CE","19/11 "
"Praia do Miai de Cima","Coruripe","AL","20/11 "
"Mangue Seco","Jandaíra","BA","20/11 "
"Ilha Maiaú","Cururupu","MA","20/11 "
"Praia de Baixio","Esplanada","BA","20/11 "
"Praia do Saco","Estância","SE","20/11 "
"Praia do Saco","Estância","SE","20/11 "
"Praia do Saco","Estância","SE","20/11 "
"Praia Caueira","Itaporanga D'ajuda","SE","20/11 "
"Maragogi","Maragogi","AL","20/11 "
"Barra de Serinhaém","Igrapiúna","BA","20/11 "
"Praia dos Náufragos","Aracaju","SE","20/11 "
"Porto de Sauípe","Entre Rios","BA","20/11 "
"Praia dos Náufragos","Aracaju","SE","20/11 "
"Praia dos Náufragos","Aracaju","SE","20/11 "
"Porto do Campo","Camamu","BA","20/11 "
"Praia dos Milionários","Ilhéus","BA","20/11 "
"Tramataia","Marcação","PB","20/11 "
"Praia do Pontal","Ilha Grande","PI","20/11 "
"Pedra do Sal","Parnaíba","PI","20/11 "
"Praia Costa Bela","Serra","ES","20/11 "
"Foz do Rio São Francisco","Piaçabuçu","AL","20/11 "
"Praia de Guriri","São Mateus","ES","21/11 "
"Praia Pontal do Sul","Conceição da Barra","ES","21/11 "
"Mar Grande","Vera Cruz","BA","21/11 "
"Praia da Barra Nova","São Mateus","ES","21/11 "
"Praia da Barra Nova","São Mateus","ES","21/11 "
"Praia Atalaia Nova","Nossa Senhora do Socorro","SE","21/11 "
"Praia de Guriri","Conceição da Barra","ES","21/11 "
"Córrego Barra Nova","São Mateus","ES","21/11 "
"Paraíso dos Pataxós","Porto Seguro","BA","21/11 "
"Axixá","Parnaíba","PI","21/11 "
"Paraíso dos Pataxós","Porto Seguro","BA","21/11 "
"Taperapuã","Porto Seguro","BA","21/11 "
"Coqueirinho","Itaporanga D'ajuda","SE","22/11 "
"Praia da Costa","Vila Velha","ES","22/11 "
"Praia da Barra do Albino","Canavieiras","BA","22/11 "
"Praia de Pontal de Coruripe","Coruripe","AL","22/11 "
"Praia de Guriri","Conceição da Barra","ES","22/11 "
"Praia da Costa","Canavieiras","BA","22/11 "
"Praia da Barra do Albino","Canavieiras","BA","22/11 "
"Praia de Santo André","Santa Cruz Cabrália","BA","22/11 "
"Praia da Costa","Canavieiras","BA","22/11 "
"Santo Amaro das Brotas","Santo Amaro das Brotas","SE","22/11 "
"Praia de Regência","Linhares","ES","22/11 "
"Praia de Putiry","Aracruz","ES","22/11 "
"Arpoador","Tutóia","MA","22/11 "
"Grussaí","São João da Barra","RJ","22/11 "
"Praia Califa","Fundão","ES","23/11 "
"praia califa","Fundão","ES","23/11 "
"Praia de Itaipu de Fora - Barra Grande de Maraú","Maraú","BA","23/11 "
"Praia da Costa","Canavieiras","BA","23/11 "
"Praia da Costa","Vila Velha","ES","23/11 "
"Praia de Junga","Paulista","PE","23/11 "
"Praia de Juerana","Ilhéus","BA","23/11 "
"Praia Pontal de Coruripe","Coruripe","AL","23/11 "
"Praia da Barra Nova","São Mateus","ES","23/11 "
"Praia de Guaibim","Valença","BA","23/11 "
"Praia de Guriri","Conceição da Barra","ES","23/11 "
"Taipu de Fora","Maraú","BA","23/11 "
"Praia de Itaipu de Fora - Barra Grande de Maraú","Maraú","BA","23/11 "
"Praia de Guaibim","Valença","BA","23/11 "
"Praia de Guaibim","Valença","BA","23/11 "
"Praia da Barra Nova","São Mateus","ES","23/11 "
"Praia da Barra Nova","São Mateus","ES","23/11 "
"Praia de Cacimbas","Linhares","ES","23/11 "
"Praia do Degredo","Linhares","ES","23/11 "
"Barra do Sahy","Aracruz","ES","23/11 "
"Praia de Barra Seca","São Mateus","ES","23/11 "
"Putiry","Aracruz","ES","23/11 "
"Ponta dos Tubarões","Igrapiúna","BA","24/11 "
"Jardim Atlântico","Ilhéus","BA","24/11 "
"Praia do Pontal do Ipiranga","Linhares","ES","24/11 "
"Coqueiral","Aracruz","ES","24/11 "
"Praia de Urussuquara","São Mateus","ES","24/11 "
"Praia de Guriri","São Mateus","ES","24/11 "
"Dunas de Marapé","Jequiá da Praia","AL","24/11 "
"Praia do Gunga","Roteiro","AL","25/11 "
"Poças","Conde","BA","25/11 "
"Quarta Praia","Cairu","BA","25/11 "
"Barreira do Inferno","Parnamirim","RN","25/11 "
"Porto de Vacas","Barra de São Miguel","AL","26/11 "
"Praia dos Sonhos","São Francisco de Itabapoana","RJ","26/11 "
"Caburé","Barreirinhas","MA","26/11 "
"Praia Pontal do Sul","Conceição da Barra","ES","26/11 "
"Ilha do Caju","Araioses","MA","26/11 "
"Ilha do Caju","Araioses","MA","26/11 "
"Praia de Regência","Linhares","ES","26/11 "
"Santa Luzia","Barra de Santo Antônio","AL","26/11 "
"Araripe","Santa Cruz Cabrália","BA","26/11 "
"Praia do Pontal","Ilha Grande","PI","26/11 "
"Arandi-Algodões","Maraú","BA","27/11 "
"Porto de Sauípe","Entre Rios","BA","27/11 "
"Praia de Santo André","Santa Cruz Cabrália","BA","27/11 "
"Praia do Pontal","Ilha Grande","PI","27/11 "
"Pedra do Sal","Parnaíba","PI","27/11 "
"Caraiva","Porto Seguro","BA","27/11 "
"Praia do Japonês","Camaçari","BA","27/11 "
"Praia de Pontal do Peba","Piaçabuçu","AL","27/11 "
"Caraiva","Porto Seguro","BA","27/11 "
"Ponta dos Tubarões","Igrapiúna","BA","28/11 "
"Mangue Seco","Jandaíra","BA","28/11 "
"Praia Caueira","Itaporanga D'ajuda","SE","28/11 "
"Praia do Degredo","Linhares","ES","28/11 "
"Praia do Degredo","Linhares","ES","28/11 "
"Praia do Degredo","Linhares","ES","28/11 "
"Abais","Estância","SE","28/11 "
"Praia de Alcobaça (Praia do Centro)","Alcobaça","BA","28/11 "
"Praia Caueira","Itaporanga D'ajuda","SE","28/11 "
"Praia Caueira","Itaporanga D'ajuda","SE","28/11 "
"Praia de Mangue Seco","Jandaíra","BA","28/11 "
"Assis Chateaubriand","Maceió","AL","28/11 "
"Cumuruxatiba","Prado","BA","28/11 "
"Barra do Garcez","Jaguaripe","BA","28/11 "
"Costa Azul","Jandaíra","BA","28/11 "
"Abreu do Una","São José da Coroa Grande","PE","28/11 "
"Santa Isabel","Barra dos Coqueiros","SE","29/11 "
"Praia Atalaia Nova","Barra dos Coqueiros","SE","29/11 "
"Residencial Portal dos Corais","Aracaju","SE","29/11 "
"Guarajuba","Camaçari","BA","29/11 "
"Ilhas dos Poldros","Araioses","MA","29/11 "
"Ilha dos Poldros","Araioses","MA","29/11 "
"Cumuruxatiba","Prado","BA","29/11 "
"Praia de Pontal do Peba","Piaçabuçu","AL","29/11 "
"Praia de Pontal do Peba","Piaçabuçu","AL","29/11 "
"Praia de Pontal do Peba","Piaçabuçu","AL","29/11 "
"Piaçabuçu","Piaçabuçu","AL","29/11 "
"Barraca do Japonês","Natal","RN","30/11 "
"Jandaíra","Jandaíra","BA","30/11 "
"Japaratinga","Japaratinga","AL","30/11 "
"Praia de Iansã","Alcobaça","BA","30/11 "
"Ilha dos Poldros","Araioses","MA","30/11 "
"Prado","Prado","BA","30/11 "
"Restinga","Belmonte","BA","30/11 "
"Piabuçu","Piaçabuçu","AL","30/11 "
"Praia de Bitingui","Japaratinga","AL","30/11 "
"Piabuçu","Piaçabuçu","AL","30/11 "
"Piabuçu","Piaçabuçu","AL","30/11 "
"Piabuçu","Piaçabuçu","AL","30/11 "
"Piabuçu","Piaçabuçu","AL","30/11 "
"Estaleiro Aracruz","Aracruz","ES","30/11 "
"Piabuçu","Piaçabuçu","AL","30/11 "
"Farol de Porto Seguro","Porto Seguro","BA","1/12 "
"Jardim Atlântico","Serra","ES","1/12 "
"Miai de Baixo","Coruripe","AL","1/12 "
"Praia de Coroa Vermelha","Porto Seguro","BA","1/12 "
"Coroa Vermelha","Porto Seguro","BA","1/12 "
"Praia da Costa","Canavieiras","BA","1/12 "
"Miai de Baixo","Coruripe","AL","1/12 "
"Praia do Toco","Feliz Deserto","AL","1/12 "
"Miai de Baixo","Coruripe","AL","1/12 "
"Miai de Baixo","Coruripe","AL","1/12 "
"Praia de Guaibim","Valença","BA","1/12 "
"Praia de Coroa Vermelha","Santa Cruz Cabrália","BA","1/12 "
"Praia de Pratigi","Ituberá","BA","1/12 "
"Praia do Caburé","Barreirinhas","MA","1/12 "
"Uruçuca_Itacaré","Itacaré","BA","1/12 "
"Grussaí","São João da Barra","RJ","1/12 "
"Praia do Caburé","Paulino Neves","MA","1/12 "
"Grussaí","São João da Barra","RJ","1/12 "
"Costa do Descobrimeto","Porto Seguro","BA","1/12 "
"Paraíso dos Pataxós","Porto Seguro","BA","1/12 "
"Fortaleza dos reis Magos","Tibau do Sul","RN","2/12 "
"Coroa Vermelha","Porto Seguro","BA","2/12 "
"Praia de Camburi","Vitória","ES","2/12 "
"Peso","Canavieiras","BA","2/12 "
"Barra do Rio Poxim","Coruripe","AL","2/12 "
"Ilha dos Poldros","Araioses","MA","2/12 "
"Arpoador","Tutóia","MA","2/12 "
"Tutoia","Tutóia","MA","2/12 "
"Paríso dos Pataxos","Porto Seguro","BA","2/12 "
"Tutoia","Tutóia","MA","2/12 "
"Caraiva","Porto Seguro","BA","3/12 "
"Upanema","Areia Branca","RN","3/12 "
"Praia do Poxim","Una","BA","3/12 "
"Costa dos Corais","Porto de Pedras","AL","3/12 "
"Guaiú","Santa Cruz Cabrália","BA","3/12 "
"Poça","Conde","BA","3/12 "
"Praia do Poxim","Canavieiras","BA","3/12 "
"Praia do Poxim","Canavieiras","BA","3/12 "
"Praia do Mutá","Porto Seguro","BA","3/12 "
"Uruçuca_Itacaré","Uruçuca","BA","3/12 "
"Praia do Poxim","Canavieiras","BA","3/12 "
"Praia de Guaibim","Valença","BA","3/12 "
"Praia de Saquaíra","Maraú","BA","3/12 "
"Praia de Lençõis","Una","BA","3/12 "
"Praia de Lençõis","Una","BA","3/12 "
"Dunas de Marapé","Jequiá da Praia","AL","3/12 "
"Costa dos Corais","Porto de Pedras","AL","3/12 "
"Praia Grande","Vitória","ES","4/12 "
"Praia Grande","Vitória","ES","4/12 "
"Praia da Barra","Conceição da Barra","ES","4/12 "
"Praia do Saco (3)","Estância","SE","4/12 "
"Ilha dos Poldros","Araioses","MA","4/12 "
"Praia do Taboado","Jequiá da Praia","AL","4/12 "
"Praia do Taboado","Jequiá da Praia","AL","4/12 "
"Canárias","Araioses","MA","4/12 "
"Peso","Canavieiras","BA","4/12 "
"Ilha do Cajú","Araioses","MA","4/12 "
"Praia de Piracanga","Maraú","BA","4/12 "
"Ilha do Cajú","Araioses","MA","4/12 "
"Mangue Seco","Jandaíra","BA","4/12 "
"Foz do Rio Manguaba","Porto de Pedras","AL","4/12 "
"Costa do Corais","Porto de Pedras","AL","4/12 "
"Praia de Larges","Porto de Pedras","AL","4/12 "
"Praia de Larges","Porto de Pedras","AL","4/12 "
"Arembepe","Camaçari","BA","5/12 "
"Barra de São Miguel","Barra de São Miguel","AL","5/12 "
"Canárias","Araioses","MA","5/12 "
"Canárias","Araioses","MA","5/12 "
"Tutoia","Tutóia","MA","5/12 "
"Canoa Quebrada","Aracati","CE","6/12 "
"Praia da Via Costeira","Natal","RN","6/12 "
"Praia do Poxim","Canavieiras","BA","6/12 "
"Cumbe","Aracati","CE","9/12 "
"Praia Pirambu","Pirambu","SE","9/12 "
"Praia de Pontal de Coruripe","Coruripe","AL","9/12 "
"Praia Pirambu","Pirambu","SE","9/12 "
"Praia da Ponta dos Mangues","Pacatuba","SE","9/12 "
"Ilha de Santana","Humberto de Campos","MA","10/12 "
"Praia de Zumbi","Rio do Fogo","RN","11/12 "
"Praia de Icaraí de Amontada","Amontada","CE","11/12 "
"Barra de Serinhoém","Igrapiúna","BA","11/12 "
"Praia Grande","Fundão","ES","11/12 "
"Praia do Canto","Vitória","ES","11/12 "
"Praia do Canto","Vitória","ES","11/12 "
"Praia Grande","Vitória","ES","11/12 "
"Praia Grande","Vitória","ES","11/12 "
"Caiçara do Norte","Caiçara do Norte","RN","11/12 "
"Barra Grande","Icapuí","CE","11/12 "
"Praia Curva da Jurema","Vitória","ES","11/12 "
"Ilha do Frade","Vitória","ES","11/12 "
"Praiade Arakakaí","Santa Cruz Cabrália","BA","11/12 "
"Ilha do Delta do Jequitinhonha","Belmonte","BA","11/12 "
"Praia da Barra","Vila Velha","ES","11/12 "
"Rio Punaú","Rio do Fogo","RN","11/12 "
"Praia de Mamoã","Ilhéus","BA","11/12 "
"Aracruz","Aracruz","ES","11/12 "
"Praia das Castanheiras","Guarapari","ES","11/12 "
"Santa Cruz","Aracruz","ES","11/12 "
"Aracruz","Aracruz","ES","11/12 "
"Aracruz","Aracruz","ES","11/12 "
"Moitas","Amontada","CE","11/12 "
"Praia Sítio do Conde","Conde","BA","11/12 "
"Praia do Poxim","Canavieiras","BA","11/12 "
"Travosa","Santo Amaro do Maranhão","MA","11/12 "
"Praia de Iansã","Alcobaça","BA","11/12 "
"Praia de Arrombado","Luís Correia","PI","11/12 "
"Praia da Areia Preta","Guarapari","ES","11/12 "
"Putiry","Aracruz","ES","11/12 "
"Santa Cruz","Aracruz","ES","11/12 "
"Praia Castanheiras","Aracruz","ES","11/12 "
"Quinta Praia (Praia do Encanto)","Cairu","BA","11/12 "
"Praia de Trancoso","Porto Seguro","BA","11/12 "
"Arpoador","Tutóia","MA","11/12 "
"Viral","Aracaju","SE","12/12 "
"Abrolhos","Caravelas","BA","12/12 "
"Barr Grande (sul)","Maragogi","AL","13/12 "
"Praia do Morro","Guarapari","ES","13/12 "
"Santa Mônica","Guarapari","ES","13/12 "
"Barra do Rio","Extremoz","RN","13/12 "
"Praia do Morro","Guarapari","ES","13/12 "
"Uruçuca_Itacare","Uruçuca","BA","13/12 "
"Praia do Antunes","Maragogi","AL","13/12 "
"Ilha dos Poldros","Araioses","MA","14/12 "
"Ilha dos Poldros","Araioses","MA","14/12 "
"Praia da Majorlândia","Aracati","CE","14/12 "
"Praia do Pontal","Parnaíba","PI","14/12 "
"Canárias","Araioses","MA","14/12 "
"Canárias","Araioses","MA","14/12 "
"Ilha dos Poldros","Araioses","MA","14/12 "
"Ilha dos Poldros","Araioses","MA","14/12 "
"Barra de Belmonte (Praia de Caieira)","Belmonte","BA","14/12 "
"Mamucabo","Esplanada","BA","14/12 "
"Praia de Japaratinga","Japaratinga","AL","14/12 "
"Jandaira","Jandaíra","BA","14/12 "
"Foz do rio Manguaba","Porto de Pedras","AL","14/12 "
"Conceiço da Barra","Conceição da Barra","ES","15/12 "
"Barra do Itariri","Conde","BA","16/12 "
"Praia do Corumbau","Prado","BA","17/12 "
"Praia Caueira","Itaporanga D'ajuda","SE","17/12 "
"Praia de Mangue Seco","Jandaíra","BA","17/12 "
"Aritagua","Ilhéus","BA","17/12 "
"Praia do Pontal","Ilha Grande","PI","17/12 "
"Praia de São Bento","Maragogi","AL","18/12 "
"Canavieiras","Canavieiras","BA","18/12 "
"Praia do Piracanga","Itacaré","BA","18/12 "
"Uruçuca_Itacaré","Uruçuca","BA","19/12 "
"Porto de Sauipe","Entre Rios","BA","19/12 "
"Praia do Poxim","Canavieiras","BA","19/12 "
"Canarias","Araioses","MA","19/12 "
"Canavieiras","Canavieiras","BA","19/12 "
"Dunas de Marape","Jequiá da Praia","AL","19/12 "
"Praia Patizeiro","Itacaré","BA","20/12 "
"Camuruxatiba","Prado","BA","20/12 "
"Praia de Ponta da Tulha","Ilhéus","BA","20/12 "
"Camuruxatiba","Prado","BA","21/12 "
"Praia do rio","Prado","BA","21/12 "
"Praia do Rio","Prado","BA","21/12 "
"Praia do Poxim","Canavieiras","BA","23/12 "
"Praia do Poxim","Canavieiras","BA","23/12 "
"Canavieiras","Canavieiras","BA","24/12 "
"Coqueirinho","Itaporanga D'ajuda","SE","26/12 "
"Praia de São Bento","Maragogi","AL","27/12 "
"Canavieiras","Canavieiras","BA","28/12 "
"Cumuruxatiba","Prado","BA","28/12 "
"Praia do Poxim","Canavieiras","BA","29/12 "
"Ponta da Barra","Marechal Deodoro","AL","30/12 "
"Ponta da Barra","Marechal Deodoro","AL","30/12 "
"Praia de Caetanos","Itapipoca","CE","1/1 "
"Praia de Caetanos","Amontada","CE","1/1 "
"Praia de Almofala","Itarema","CE","2/1 "
"Praia de Pontal de Coruripe","Coruripe","AL","2/1 "
"Praia de Pontal de Coruripe","Coruripe","AL","2/1 "
"Praia de Icaraí de Amontada","Amontada","CE","2/1 "
"Praia de Almofala","Itarema","CE","3/1 "
"Praia do Carro Quebrado","Passo de Camaragibe","AL","8/1 "
"Praia de Caetanos","Amontada","CE","13/1 "
"Praia da Ponta dos Mangues","Pacatuba","SE","16/1 "
"Praia da Ponta dos Mangues","Pacatuba","SE","16/1 "
"Praia da Ponta dos Mangues","Pacatuba","SE","16/1 "
"Praia Pirambu","Pirambu","SE","16/1 "
"Praia dos Caetanos","Amontada","CE","17/1 "
"Jacumã","Ceará-Mirim","RN","9/11"
